{"cameraMode":{"drawMode":0,"name":"Shaded","section":"Shading Mode"},"sceneLighting":true,"audioPlay":false,"sceneViewState":{"m_AlwaysRefresh":false,"showFog":true,"showSkybox":true,"showFlares":true,"showImageEffects":true,"showParticleSystems":true,"showVisualEffectGraphs":true,"m_FxEnabled":false},"in2DMode":false,"pivot":{"x":387.9083251953125,"y":277.281494140625,"z":-388.6037902832031},"rotation":{"x":-0.10482625663280487,"y":0.013066320680081845,"z":-0.0016727338079363108,"w":-0.9947154521942139},"size":164.00001525878907,"orthographic":false}